{
  "alpha": 255,
  "reference_alpha": 63,
  "num_root_segments": 12,
  "root_segment_pos_const_x": 295,
  "root_segment_pos_const_y": 339,
  "root_segment_pos_linear_x": 4.950248756218912,
  "root_segment_pos_linear_y": 11.492537313432841,
  "root_segment_pos_quadratic_x": -1.144278606965174,
  "root_segment_pos_quadratic_y": 0,
  "root_segment_len": 25,
  "root_segment_len_factor": 0.9,
  "root_segment_dir_const_x": 4.601990049751244,
  "root_segment_dir_const_y": 0.32338308457711307,
  "root_segment_dir_linear_x": -0.49751243781094523,
  "root_segment_dir_linear_y": 0.3482587064676608,
  "root_segment_dir_quadratic_x": 0.00497512437810943,
  "root_segment_dir_quadratic_y": 0.0,
  "segment_dir_linear_x": 0.11940298507462677,
  "segment_dir_linear_y": -0.11940298507462688,
  "segment_dir_quadratic_x": 0.0029850746268656747,
  "segment_dir_quadratic_y": 0.0029850746268656747,
  "segment_dir_a_x": 0.0,
  "segment_dir_a_y": 0.0,
  "segment_dir_b_x": 0.0,
  "segment_dir_b_y": 0.0,
  "segment_dir_c_x": 0.0,
  "segment_dir_c_y": 0.0,
  "segment_dir_d_x": 0.0,
  "segment_dir_d_y": 0.0,
  "segment_len_factor": 0.9798507462686568,
  "max_generations_const": 70,
  "max_generations_linear": -9.850746268656714,
  "max_generations_quadratic": 0.4477611940298507
}