{
  "alpha": 255,
  "num_root_segments": 12,
  "root_segment_pos_const_x": 55,
  "root_segment_pos_const_y": 296,
  "root_segment_pos_linear_x": 11.915422885572156,
  "root_segment_pos_linear_y": 13.980099502487583,
  "root_segment_pos_quadratic_x": -1.0447761194029854,
  "root_segment_pos_quadratic_y": 0.09950248756218905,
  "root_segment_len": 21.517412935323392,
  "root_segment_len_factor": 0.9,
  "root_segment_dir_const_x": 4.601990049751244,
  "root_segment_dir_const_y": 0.32338308457711307,
  "root_segment_dir_linear_x": -0.49751243781094523,
  "root_segment_dir_linear_y": 0.3482587064676608,
  "root_segment_dir_quadratic_x": 0.00497512437810943,
  "root_segment_dir_quadratic_y": 0.0,
  "segment_dir_linear_x": 0.5991643661028296,
  "segment_dir_linear_y": -0.6410272005102902,
  "segment_dir_quadratic_x": 0.08427962634708555,
  "segment_dir_quadratic_y": 0.08052084022823608,
  "segment_dir_a_x": 4.605048914150048e-6,
  "segment_dir_a_y": 0.0003503731264589364,
  "segment_dir_b_x": -0.008315057654144496,
  "segment_dir_b_y": 0.01862860721854552,
  "segment_dir_c_x": 0.010950557396419161,
  "segment_dir_c_y": 0.03992255126318438,
  "segment_dir_d_x": 0.046497033976299174,
  "segment_dir_d_y": -0.08240472762866657,
  "segment_len_factor": 0.9748756218905679,
  "max_generations_const": 70,
  "max_generations_linear": -9.850746268656714,
  "max_generations_quadratic": 0.4477611940298507
}
